Feature,VIF
V1,inf
V2,inf
V3,inf
V5,inf
V6,inf
V13,inf
V7,inf
V8,inf
V10,inf
V11,inf
V17,inf
V16,inf
V15,inf
V24,inf
V28,inf
V23,inf
V18,inf
V20,inf
V19,inf
V22,inf
Amount,1.2474300758898045
V25,1.0082008020945772
V21,1.0068487941087703
V12,1.0061054481557874
V27,1.0059073393340596
V26,1.0057504880518136
V4,1.0054170787121997
V9,1.0048728457965663
V14,1.0039205803258753
